tot_spend,age,value,customer_class
10852.1,41.0,5,30.0
4747.8,60.0,4,49.0
3611.75,38.0,3,186.0
6271.8,38.0,4,49.0
2879.94,44.0,3,44.0
8871.1,33.0,4,30.0
20143.35,45.0,5,32.0
6629.3,54.0,4,135.0
1721.9,23.0,3,403.0
26892.34,31.0,5,30.0
11770.01,33.0,5,44.0
1105.96,28.0,2,44.0
7513.2,39.0,4,39.0
15274.44,21.0,5,44.0
8352.75,32.0,4,32.0
5032.49,46.0,4,44.0
26126.15,27.0,5,403.0
7472.2,54.0,4,30.0
2503.6,28.0,3,30.0
8353.035,41.0,4,39.0
2005.705,29.0,3,46.0
7466.405,34.0,4,39.0
17890.9,37.0,5,30.0
11373.97,38.0,5,41.0
12841.6,26.0,5,44.0
9931.08,23.0,5,44.0
3554.29,50.0,3,33.0
7537.81,35.0,4,44.0
12813.8,47.0,5,32.0
2723.6,33.0,3,46.0
535.85,41.0,2,32.0
12041.32,34.0,5,31.0
12048.73,31.0,5,44.0
14922.965,37.0,5,39.0
19395.81,30.0,5,32.0
12488.01,20.0,5,30.0
6277.97,37.0,4,44.0
21953.5,45.0,5,403.0
2803.7,25.0,3,39.0
805.8,29.0,2,46.0
3524.75,31.0,3,32.0
10673.56,35.0,5,39.0
10120.24,41.0,5,185.0
22272.3,22.0,5,39.0
8756.1575,47.0,4,49.0
9751.17,24.0,5,44.0
3450.0,50.0,3,46.0
15408.75,34.0,5,42.0
9874.9,28.0,5,32.0
1292.02,31.0,2,44.0
10227.6,32.0,5,30.0
13365.0,31.0,5,49.0
29759.1,28.0,5,32.0
18962.28,59.0,5,30.0
9011.0,28.0,5,30.0
11364.84,27.0,5,39.0
11049.5,38.0,5,30.0
6900.535,55.0,4,39.0
1247.335,27.0,2,46.0
3022.665,31.0,3,39.0
22774.8,23.0,5,32.0
4134.6,18.0,3,44.0
590.175,27.0,2,46.0
5172.4,43.0,4,39.0
2360.0,47.0,3,39.0
11360.23,31.0,5,46.0
4641.78,38.0,4,186.0
3191.1,28.0,3,49.0
11385.3,27.0,5,49.0
3076.6,33.0,3,186.0
6579.8,37.0,4,135.0
3083.14,22.0,3,44.0
13491.05,29.0,5,32.0
13128.8,48.0,5,49.0
12604.6,36.0,5,32.0
4851.38,36.0,4,39.0
6754.72,60.0,4,39.0
12498.28,28.0,5,39.0
27097.67,39.0,5,33.0
1000.0,71.0,2,39.0
2640.6,46.0,3,30.0
15223.29,35.0,5,39.0
10403.28,34.0,5,49.0
17268.96,32.0,5,39.0
13692.1,44.0,5,403.0
2987.33,38.0,3,39.0
12488.1,35.0,5,32.0
13574.1,34.0,5,403.0
11251.25,24.0,5,31.0
20522.5,32.0,5,49.0
17010.83,32.0,5,185.0
14527.98,34.0,5,32.0
14923.4,41.0,5,403.0
4770.7,35.0,4,30.0
3390.65,22.0,3,42.0
6237.87,23.0,4,44.0
4208.53,32.0,4,44.0
17007.786,27.0,5,49.0
16338.2085,35.0,5,39.0
2025.4,24.0,3,46.0
11619.6,34.0,5,30.0
2867.46,30.0,3,46.0
8112.64,34.0,4,32.0
17011.0,35.0,5,39.0
9676.395,29.0,5,46.0
4715.02,58.0,4,46.0
51.99,20.0,1,44.0
13528.67,32.0,5,33.0
8532.27,28.0,4,46.0
2225.2,21.0,3,46.0
3797.25,22.0,3,44.0
4763.7,32.0,4,39.0
2084.65,32.0,3,39.0
21937.4,23.0,5,403.0
10679.985,28.0,5,49.0
3067.05,24.0,3,33.0
9277.755,49.0,5,39.0
2365.275,26.0,3,46.0
23367.4,33.0,5,30.0
29504.0,19.0,5,43.0
1095.07,25.0,2,46.0
10399.3,31.0,5,46.0
19012.14,32.0,5,30.0
4093.7,34.0,3,30.0
9455.82,28.0,5,44.0
3277.6,35.0,3,49.0
8548.1,33.0,4,41.0
6633.35,38.0,4,44.0
13710.85,52.0,5,32.0
9852.395,34.0,5,39.0
1703.46,24.0,3,44.0
11829.39,52.0,5,44.0
7764.77,51.0,4,185.0
6668.28,21.0,4,44.0
864.52,21.0,2,44.0
5952.015,47.0,4,39.0
98.0,24.0,1,39.0
14140.6,24.0,5,30.0
7170.92,44.0,4,135.0
9510.19,30.0,5,33.0
12473.985,37.0,5,39.0
5568.8,35.0,4,30.0
15800.06,44.0,5,319.0
17646.27,24.0,5,403.0
2124.8,29.0,3,30.0
1229.555,24.0,2,46.0
1499.925,26.0,3,46.0
10976.0,31.0,5,30.0
535.115,28.0,2,46.0
8430.0,24.0,4,43.0
10169.1,29.0,5,30.0
6856.66,28.0,4,39.0
8305.05,51.0,4,31.0
16426.45,27.0,5,403.0
2755.2,24.0,3,32.0
5664.8,25.0,4,30.0
10030.23,33.0,5,33.0
15764.05,31.0,5,184.0
1131.75,47.0,2,44.0
17549.51,26.0,5,30.0
33238.82,22.0,5,403.0
4295.105,21.0,4,46.0
19529.955,23.0,5,39.0
12593.73,56.0,5,300.0
6739.24,35.0,4,41.0
1068.0,47.0,2,39.0
14974.4,31.0,5,49.0
9801.8,34.0,5,30.0
1881.54,23.0,3,41.0
15388.2095,33.0,5,49.0
11053.71,35.0,5,300.0
10877.95,29.0,5,184.0
79862.43,47.0,5,32.0
10536.04,27.0,5,44.0
3596.0,34.0,3,39.0
7192.38,29.0,4,44.0
6196.45,49.0,4,32.0
6288.59,30.0,4,39.0
6296.97,30.0,4,44.0
1003.903,28.0,2,49.0
19190.6,32.0,5,42.0
505.005,69.0,2,46.0
1530.56,25.0,3,44.0
10044.2,34.0,5,32.0
19440.615,32.0,5,44.0
17753.59,35.0,5,39.0
20359.8,31.0,5,46.0
8653.72,33.0,4,33.0
14299.91,32.0,5,186.0
1108.2,20.0,2,44.0
12385.6,35.0,5,39.0
3521.82,24.0,3,41.0
9219.045,34.0,5,46.0
8620.62,39.0,4,39.0
17460.0,32.0,5,48.0
7625.155,58.0,4,39.0
951.32,22.0,2,135.0
0.0,41.0,1,30.0
2672.98,25.0,3,49.0
3719.999829,43.0,3,43.0
1638.44,28.0,3,184.0
2003.75,21.0,3,44.0
14861.95,31.0,5,39.0
14060.021328,30.0,5,186.0
2439.76,21.0,3,44.0
19151.11,34.0,5,32.0
1162.91,34.0,2,30.0
11845.8,33.0,5,30.0
15766.1455,31.0,5,49.0
1709.7,30.0,3,30.0
10560.69,27.0,5,44.0
17176.08,35.0,5,44.0
1667.9,32.0,3,33.0
6957.41,27.0,4,41.0
15873.485,32.0,5,39.0
40090.52,29.0,5,403.0
9839.1,52.0,5,49.0
18898.78,31.0,5,41.0
5984.52,67.0,4,44.0
35155.03,60.0,5,31.0
10368.88333,19.0,5,43.0
623.26,24.0,2,46.0
514.19,25.0,2,184.0
11207.9,33.0,5,33.0
2569.2,25.0,3,46.0
2434.96,65.0,3,41.0
2657.485,26.0,3,39.0
8889.46,23.0,4,39.0
37160.37,39.0,5,41.0
5024.954272,63.0,4,135.0
20251.38,32.0,5,186.0
1022.72,26.0,2,44.0
31886.08,30.0,5,44.0
2271.4,45.0,3,46.0
3068.505,34.0,3,46.0
14387.925,33.0,5,39.0
8067.24,34.0,4,135.0
10506.68,31.0,5,44.0
1527.649999,20.0,3,43.0
1782.485,27.0,3,39.0
2049.74,32.0,3,46.0
12568.25,28.0,5,185.0
2225.5,20.0,3,49.0
13304.39,21.0,5,44.0
2146.75,26.0,3,46.0
9783.32,24.0,5,30.0
15534.6,38.0,5,32.0
13698.68,44.0,5,30.0
1389.67,36.0,2,46.0
8405.525,39.0,4,39.0
11145.75,39.0,5,46.0
9765.875,28.0,5,39.0
3743.47,31.0,3,184.0
9734.65,23.0,5,44.0
1964.99,32.69770879526977,3,46.0
10029.12,32.0,5,39.0
30106.69,23.0,5,44.0
13945.96,28.0,5,46.0
4469.94,22.0,4,44.0
12801.18,28.0,5,32.0
3046.52,32.69770879526977,3,300.0
10242.0,27.0,5,48.0
19425.75,24.0,5,39.0
13023.0,31.0,5,32.0
4485.365,38.0,4,39.0
830.0,20.0,2,46.0
2544.17,26.0,3,44.0
8580.949,33.0,4,49.0
10485.565,29.0,5,39.0
1864.84,21.0,3,46.0
2713.265,28.0,3,39.0
5956.4,46.0,4,33.0
12551.84,22.0,5,44.0
1106.16,34.0,2,46.0
899.23,21.0,2,44.0
8999.19,24.0,5,44.0
7038.59,37.0,4,39.0
1620.0,52.0,3,39.0
16239.15,32.0,5,44.0
0.0,26.0,1,403.0
4777.2,29.0,4,39.0
18251.43,25.0,5,41.0
12774.65,32.0,5,33.0
1200.0,22.0,2,39.0
10789.4,35.0,5,39.0
16287.95,38.0,5,32.0
5924.4,33.0,4,44.0
2702.53,20.0,3,39.0
13315.94,22.0,5,185.0
6863.85,32.0,4,32.0
8911.56,34.0,4,41.0
12818.95,38.0,5,41.0
11400.0,19.0,5,46.0
7926.49,37.0,4,39.0
1069.205,22.0,2,184.0
2107.595,38.0,3,46.0
12937.685,34.0,5,39.0
15681.29,33.0,5,46.0
906.4,24.0,2,39.0
8091.983331,23.0,4,46.0
30754.1,29.0,5,403.0
242.6,24.0,2,49.0
1225.39,20.0,2,44.0
6686.87,28.0,4,49.0
580.59,28.0,2,32.0
12453.855,31.0,5,39.0
4921.45,53.0,4,30.0
1040.44,32.0,2,135.0
2335.255,29.0,3,39.0
12888.95,41.0,5,32.0
16865.6,24.0,5,319.0
14020.9,37.0,5,30.0
1080.0,36.0,2,48.0
45204.39,27.0,5,33.0
1899.23,24.0,3,46.0
2983.685,31.0,3,46.0
1869.655,26.0,3,41.0
2517.7585,32.0,3,49.0
4563.89,31.0,4,46.0
14088.95,23.0,5,30.0
6926.905,50.0,4,46.0
16224.585,33.0,5,39.0
1350.0,28.0,2,39.0
2004.62,31.0,3,46.0
8842.5,26.0,4,41.0
12912.97,34.0,5,39.0
11945.75,35.0,5,39.0
9365.965,29.0,5,39.0
8345.64,21.0,4,41.0
16637.89,32.0,5,403.0
21731.008,50.0,5,403.0
21338.835,31.0,5,39.0
11616.82,25.0,5,44.0
16872.81,42.0,5,39.0
15338.0,25.0,5,32.0
18995.7,35.0,5,46.0
2218.31,26.0,3,46.0
5836.46,62.0,4,184.0
4345.32,29.0,4,44.0
11445.37,25.0,5,44.0
11252.58,29.0,5,44.0
300.18,27.0,2,135.0
5167.47,45.0,4,41.0
21653.0,30.0,5,30.0
2074.73,37.0,3,46.0
23359.4,33.0,5,30.0
1810.084,42.0,3,46.0
14294.26,30.0,5,44.0
9316.585,32.0,5,46.0
12994.7,33.0,5,98.0
8189.75,35.0,4,32.0
24924.04,32.0,5,30.0
260.3,20.0,2,44.0
22876.75,40.0,5,300.0
10097.18,44.0,5,300.0
3725.955,19.0,3,46.0
18785.4,41.0,5,32.0
15274.595,27.0,5,39.0
9172.06,31.0,5,44.0
32005.0,32.0,5,49.0
8462.195,31.0,4,41.0
1100.0,29.0,2,46.0
5418.95,37.0,4,39.0
12673.03,46.0,5,46.0
4060.95,59.0,3,46.0
6352.25,35.0,4,39.0
852.2,28.0,2,30.0
7135.12,31.0,4,39.0
14734.35,45.0,5,403.0
14806.82,35.0,5,44.0
17457.44,42.0,5,41.0
70393.14,35.0,5,49.0
0.0,36.0,1,32.0
15326.2,39.0,5,30.0
19872.26,24.0,5,33.0
2479.3,47.0,3,44.0
874.0,32.0,2,46.0
9591.07,34.0,5,44.0
5209.8,24.0,4,49.0
20983.905,35.0,5,39.0
21089.86,28.0,5,44.0
15051.0,23.0,5,42.0
18799.995,31.0,5,39.0
16844.4,47.0,5,30.0
22897.97,22.0,5,41.0
4335.62,28.0,4,135.0
6892.01,63.0,4,32.0
4023.6,46.0,3,33.0
8518.805,61.0,4,39.0
786.0,21.0,2,46.0
16243.2,28.0,5,32.0
193.25,44.0,1,32.0
832.3175,24.0,2,46.0
11226.88,42.0,5,41.0
17209.85,30.0,5,32.0
3189.58,27.0,3,39.0
13138.4,33.0,5,39.0
14488.69,31.0,5,33.0
11953.88,31.0,5,44.0
23943.0,27.0,5,48.0
9662.6,22.0,5,48.0
11775.48,25.0,5,39.0
1344.115,21.0,2,46.0
3334.695,24.0,3,39.0
13174.3,30.0,5,31.0
1824.025,26.0,3,44.0
1763.4,39.0,3,30.0
19576.0,38.0,5,30.0
750.07,23.0,2,185.0
17051.68,51.0,5,49.0
3939.644286,47.0,3,39.0
3762.52,29.0,3,39.0
12869.48,37.0,5,30.0
8699.94,24.0,4,46.0
400.11,27.0,2,44.0
17549.2,39.0,5,31.0
31641.18,34.0,5,44.0
4100.0,36.0,3,135.0
14167.6,25.0,5,44.0
17967.83,23.0,5,39.0
2796.0,37.0,3,39.0
19189.435,34.0,5,39.0
17811.09,33.0,5,41.0
19508.4,33.0,5,30.0
10210.0,51.0,5,44.0
9881.085,30.0,5,46.0
1200.0,33.0,2,46.0
15497.82,34.0,5,32.0
12399.28,26.0,5,44.0
20281.18,34.0,5,32.0
8862.6,38.0,4,184.0
7539.55,38.0,4,32.0
530.9,31.0,2,42.0
3684.6,32.0,3,49.0
2351.88,29.0,3,46.0
9000.0,26.0,5,43.0
8087.0,32.0,4,49.0
17760.53,41.0,5,185.0
6342.02,32.0,4,39.0
15771.69,28.0,5,44.0
3877.755,37.0,3,39.0
3200.2,53.0,3,49.0
33431.09,34.0,5,44.0
16785.05,37.0,5,32.0
9327.48,24.0,5,44.0
9999.315,25.0,5,46.0
5368.4,33.0,4,39.0
18403.55,22.0,5,403.0
8122.137,31.0,4,49.0
2913.0,44.0,3,33.0
8081.7,28.0,4,49.0
8504.8,20.0,4,39.0
10113.87,31.0,5,41.0
2924.87,27.0,3,41.0
7444.0,39.0,4,49.0
13003.5,41.0,5,30.0
3697.615,42.0,3,46.0
9734.478,30.0,5,46.0
2545.15,41.0,3,33.0
7244.0,45.0,4,49.0
3980.065,36.0,3,39.0
10776.995,47.0,5,39.0
5529.8,57.0,4,32.0
8476.8,35.0,4,32.0
4403.605,29.0,4,39.0
7901.81,37.0,4,46.0
13546.2,30.0,5,33.0
8288.55,19.0,4,186.0
883.16,32.0,2,135.0
3740.95,35.0,3,49.0
8231.08,28.0,4,44.0
790.0,22.0,2,46.0
5510.0,22.0,4,32.0
25460.3,32.0,5,39.0
7555.22,53.0,4,46.0
16086.26,32.0,5,135.0
2966.7,30.0,3,46.0
3507.96,47.0,3,48.0
10620.5,29.0,5,41.0
12789.235,25.0,5,39.0
5196.225,32.0,4,46.0
5829.86,20.0,4,44.0
8141.77,30.0,4,41.0
4722.4,58.0,4,30.0
1200.0,44.0,2,30.0
3519.8,28.0,3,39.0
1986.575,36.0,3,46.0
14423.3,33.0,5,32.0
23743.45,39.0,5,403.0
8224.44,35.0,4,186.0
1846.85,31.0,3,32.0
16474.06,71.0,5,32.0
903.375,47.0,2,39.0
11005.98,38.0,5,184.0
2131.52,45.0,3,39.0
12710.2,47.0,5,32.0
10228.1,34.0,5,32.0
4145.8,29.0,3,39.0
15557.12,27.0,5,300.0
14989.28,34.0,5,30.0
18620.8,28.0,5,30.0
6293.2,40.0,4,30.0
8107.17,32.0,4,31.0
498.83,54.0,2,44.0
4476.305,25.0,4,186.0
11605.3,30.0,5,135.0
10476.9,34.0,5,42.0
2009.6,45.0,3,39.0
15035.67,32.0,5,30.0
12800.4,37.0,5,30.0
2499.4,33.0,3,49.0
1459.18,28.0,3,46.0
4600.4,40.0,4,49.0
8766.633334999999,24.0,4,43.0
178.4,29.0,1,39.0
5759.6,44.0,4,46.0
1255.18,28.0,2,44.0
12684.58,34.0,5,39.0
1500.0,27.0,3,39.0
4137.57,21.0,3,44.0
7001.1,45.0,4,185.0
1492.635,43.0,3,39.0
2404.05,31.0,3,42.0
832.6,26.0,2,30.0
4739.24,32.0,4,46.0
29489.84,26.0,5,41.0
2813.0,22.0,3,33.0
8088.94,46.0,4,30.0
16215.36,32.69770879526977,5,300.0
10202.8,33.0,5,30.0
9354.43,52.0,5,41.0
6208.445,33.0,4,39.0
3428.35,22.0,3,48.0
30031.725,42.0,5,39.0
21447.85,31.0,5,403.0
12249.6,36.0,5,39.0
8481.48,33.0,4,135.0
4128.03,43.0,3,39.0
711.0,26.0,2,46.0
3123.57,55.0,3,46.0
2206.2,22.0,3,44.0
16550.0,26.0,5,43.0
8213.665,34.0,4,39.0
6014.44,40.0,4,186.0
9958.275,27.0,5,41.0
8705.14,24.0,4,39.0
1954.48,67.0,3,135.0
9873.8,34.0,5,135.0
13726.7,45.0,5,31.0
1599.8975,23.0,3,46.0
290.875,44.0,2,46.0
9888.0,35.0,5,30.0
2458.47,24.0,3,44.0
2725.95,22.0,3,48.0
11363.4,48.0,5,30.0
10211.17,25.0,5,39.0
10400.07,20.0,5,46.0
9702.54,30.0,5,39.0
25346.17,32.69770879526977,5,319.0
42089.73,34.0,5,32.0
15921.05,41.0,5,39.0
8650.16,45.0,4,44.0
2185.09,33.0,3,46.0
285.15,27.0,2,44.0
16218.455,32.69770879526977,5,39.0
11874.0,61.0,5,32.0
22560.6,33.0,5,30.0
22653.8,32.0,5,46.0
10076.35,34.0,5,39.0
16321.95,28.0,5,403.0
14676.88,30.0,5,39.0
10920.96,22.0,5,135.0
2364.175,21.0,3,46.0
470.13,25.0,2,184.0
937.46,35.0,2,44.0
11131.299994,20.0,5,43.0
11725.0,63.0,5,49.0
8099.875,33.0,4,39.0
6476.1715,47.0,4,49.0
20725.37,29.0,5,32.0
11200.79,48.0,5,300.0
16473.58,34.0,5,44.0
4122.339,56.0,3,49.0
4329.92,26.0,4,49.0
10503.4,29.0,5,30.0
793.65,33.0,2,39.0
8532.4,29.0,4,31.0
14490.0,31.0,5,46.0
2430.32,22.0,3,49.0
36965.95,31.0,5,32.0
20103.27,31.0,5,44.0
3171.05,29.0,3,49.0
4725.81,30.0,4,41.0
13464.6,35.0,5,49.0
14825.37,47.0,5,186.0
11227.31,35.0,5,319.0
16635.4,49.0,5,32.0
12650.82,21.0,5,44.0
3233.2,26.0,3,44.0
2522.6,44.0,3,48.0
8626.0,28.0,4,49.0
1100.0,22.0,2,46.0
22301.293331,24.0,5,43.0
854.99,18.0,2,44.0
15250.47,32.0,5,184.0
4128.18,29.0,3,39.0
5160.105,53.0,4,39.0
2150.11,43.0,3,184.0
24979.37,54.0,5,39.0
8741.19,45.0,4,186.0
1689.6,33.0,3,48.0
15513.8,44.0,5,48.0
2679.33,28.0,3,44.0
11104.1,58.0,5,32.0
3083.665,32.69770879526977,3,39.0
13661.0,46.0,5,30.0
14570.78,27.0,5,44.0
24533.9,18.0,5,403.0
14451.18,35.0,5,186.0
4761.98,33.0,4,39.0
1087.69,24.0,2,41.0
4337.725,36.0,4,46.0
11249.16,31.0,5,44.0
10477.315,33.0,5,39.0
12492.9,30.0,5,31.0
8687.35,32.0,4,33.0
13112.725,47.0,5,46.0
10327.27,24.0,5,41.0
8696.15,20.0,4,46.0
2389.615,31.0,3,46.0
17752.25,37.0,5,39.0
20648.32,48.0,5,30.0
13367.92,33.0,5,186.0
8104.02,33.0,4,41.0
27230.25,32.0,5,32.0
1118.24,21.0,2,33.0
3800.015,38.0,3,39.0
1259.895,27.0,2,46.0
985.28,44.0,2,46.0
10131.06,20.0,5,44.0
36322.355,26.0,5,39.0
6923.88,39.0,4,184.0
9810.4,32.0,5,30.0
13477.12,36.0,5,135.0
3094.175,18.0,3,39.0
21984.66,42.0,5,30.0
11373.395,23.0,5,39.0
15824.4,26.0,5,30.0
3358.42,47.0,3,39.0
8243.82,26.0,4,46.0
1400.0,33.0,2,39.0
529.325,22.0,2,39.0
12591.63,35.0,5,32.0
22864.76,26.0,5,39.0
1990.46,25.0,3,44.0
9731.2,35.0,5,41.0
13546.973338999998,24.0,5,43.0
9952.7255,32.0,5,49.0
8199.575,42.0,4,39.0
470.0,67.0,2,46.0
1343.15,23.0,2,44.0
4075.645,29.0,3,46.0
9198.45,28.0,5,44.0
12356.55,33.0,5,32.0
22340.0,28.0,5,30.0
4506.05,23.0,4,186.0
28661.98,38.0,5,30.0
21207.28,29.0,5,186.0
8643.485,28.0,4,46.0
2912.04,29.0,3,39.0
3196.32,25.0,3,135.0
797.275,37.0,2,46.0
1765.08,45.0,3,46.0
14149.085,31.0,5,46.0
10965.41,33.0,5,186.0
8543.93,31.0,4,44.0
2117.894,24.0,3,49.0
2638.0,35.0,3,30.0
16313.955,31.0,5,46.0
9200.965,32.0,5,49.0
12125.4,23.0,5,49.0
2914.8,37.0,3,30.0
15170.1,50.0,5,32.0
16670.67,34.0,5,30.0
14490.37,27.0,5,46.0
16335.82,29.0,5,44.0
967.8,19.0,2,48.0
960.0,32.69770879526977,2,39.0
5592.43,27.0,4,39.0
9778.4,30.0,5,30.0
8565.42,20.0,4,46.0
2336.865,25.0,3,46.0
56137.65,28.0,5,403.0
1541.83,28.0,3,46.0
10528.545,20.0,5,46.0
13589.42,56.0,5,33.0
1536.899665,21.0,3,43.0
27551.25,46.0,5,32.0
13503.16,29.0,5,44.0
3314.305,31.0,3,46.0
19090.57,29.0,5,300.0
13643.5,38.0,5,32.0
11849.999998,26.0,5,43.0
17160.0,31.0,5,49.0
413.8,26.0,2,44.0
3493.615,47.0,3,39.0
3031.11,30.0,3,44.0
11191.8,46.0,5,185.0
13554.27,65.0,5,39.0
3253.4,32.0,3,39.0
3121.2,24.0,3,30.0
8057.4,32.0,4,49.0
3878.97,28.0,3,135.0
1798.78,28.0,3,44.0
17955.25,22.0,5,186.0
12000.0,24.0,5,184.0
0.0,40.0,1,44.0
10100.283337,24.0,5,43.0
9081.225,21.0,5,46.0
3649.6,27.0,3,184.0
681.0,22.0,2,49.0
958.555,50.0,2,39.0
9643.05,27.0,5,32.0
1764.085,22.0,3,44.0
8275.55,34.0,4,32.0
12702.62,29.0,5,30.0
11768.26,34.0,5,32.0
572.4,53.0,2,46.0
11802.09,31.0,5,48.0
3509.03,23.0,3,186.0
15353.24,27.0,5,39.0
2261.655,28.0,3,39.0
432.0,26.0,2,44.0
11172.17,30.0,5,186.0
22365.56,29.0,5,30.0
2041.6,59.0,3,39.0
18499.933328,35.0,5,135.0
12711.05,31.0,5,185.0
14416.0,33.0,5,30.0
19332.78,35.0,5,185.0
3575.46,29.0,3,41.0
4364.165,27.0,4,39.0
21027.5,33.0,5,32.0
6174.85,35.0,4,49.0
4548.02,27.0,4,33.0
4658.76,22.0,4,44.0
17509.05,23.0,5,403.0
4777.2,30.0,4,30.0
11527.5,34.0,5,49.0
8256.94,30.0,4,41.0
9514.84,25.0,5,41.0
5825.82,40.0,4,46.0
12482.716671,35.0,5,43.0
95.04,28.0,1,44.0
8441.2,30.0,4,32.0
5292.42,52.0,4,46.0
6894.0,45.0,4,49.0
20293.345,48.0,5,186.0
23923.875,27.0,5,39.0
8362.38,22.0,4,44.0
13370.15,35.0,5,185.0
2930.035,47.0,3,39.0
51544.1,57.0,5,403.0
1884.4,31.0,3,39.0
25335.24,44.0,5,186.0
383.95,39.0,2,44.0
4432.58,50.0,4,186.0
1288.59,22.0,2,39.0
8429.86,31.0,4,46.0
33397.35,47.0,5,186.0
41924.22,41.0,5,185.0
11131.21,33.0,5,41.0
8199.966664,24.0,4,43.0
10578.666663,33.0,5,43.0
16517.95,30.0,5,32.0
2317.885,37.0,3,39.0
2561.195,28.0,3,46.0
2715.585,20.0,3,46.0
17782.955,39.0,5,39.0
7229.73,32.69770879526977,4,319.0
5233.13,28.0,4,44.0
9951.8,31.0,5,48.0
9951.56,32.69770879526977,5,135.0
9322.9,47.0,5,32.0
6035.5,41.0,4,33.0
2693.8,41.0,3,30.0
2349.8,31.0,3,39.0
849.705,44.0,2,39.0
9009.92,30.0,5,46.0
13235.26,27.0,5,46.0
11118.645,32.0,5,39.0
1338.19,24.0,2,41.0
908.0,44.0,2,30.0
38411.9,35.0,5,403.0
21456.75,26.0,5,33.0
1228.685,34.0,2,46.0
14190.9,44.0,5,32.0
2970.0,50.0,3,49.0
4000.0,30.0,3,32.0
25833.5,30.0,5,48.0
11650.5,23.0,5,41.0
11772.61,27.0,5,41.0
11195.095,34.0,5,46.0
8087.56,32.0,4,39.0
2899.99,25.0,3,44.0
4219.08,25.0,4,186.0
9826.4,34.0,5,30.0
9007.829997,27.0,5,43.0
14086.86,23.0,5,184.0
10966.05,32.0,5,39.0
5521.47,32.0,4,30.0
1000.0,37.0,2,33.0
1214.855,47.0,2,46.0
2398.255,23.0,3,46.0
22491.8,33.0,5,31.0
8116.1,24.0,4,44.0
2379.17,47.0,3,41.0
5204.3,28.0,4,39.0
16331.0,26.0,5,46.0
18014.75,52.0,5,32.0
1163.0,44.0,2,48.0
10071.76,35.0,5,135.0
31057.05,34.0,5,186.0
11817.78,60.0,5,32.0
14463.125,57.0,5,46.0
8532.35,44.0,4,32.0
1296.29,21.0,2,39.0
8236.45,29.0,4,41.0
11138.2,35.0,5,30.0
14694.565,34.0,5,46.0
10369.36,32.0,5,135.0
15964.83,35.0,5,32.0
10888.4,35.0,5,30.0
9856.68,24.0,5,41.0
7232.4,38.0,4,46.0
13976.19,26.0,5,39.0
10607.6,34.0,5,39.0
8384.76,25.0,4,44.0
3478.3,31.0,3,39.0
18095.86,21.0,5,186.0
26184.05,23.0,5,33.0
22632.775,32.0,5,39.0
1168.965,40.0,2,46.0
9209.36,33.0,5,135.0
10749.9,35.0,5,39.0
16070.41,31.0,5,39.0
3452.6,44.0,3,39.0
15823.41,20.0,5,44.0
9115.72,48.0,5,39.0
4855.895,28.0,4,39.0
1338.185,20.0,2,44.0
8053.88,35.0,4,319.0
5507.28,25.0,4,46.0
1102.864813,24.0,2,46.0
31311.0,35.0,5,30.0
4027.355,33.0,3,39.0
2146.0,18.0,3,41.0
9416.8,28.0,5,49.0
1360.37,25.0,2,44.0
22825.09,35.0,5,32.0
2366.6,48.0,3,31.0
13918.68,41.0,5,32.0
9225.0,35.0,5,30.0
19222.94,21.0,5,39.0
8525.68,28.0,4,44.0
18944.6,25.0,5,39.0
9882.36,30.0,5,44.0
2454.4,28.0,3,33.0
12294.215,30.0,5,46.0
611.28,47.0,2,41.0
11132.84,24.0,5,44.0
10386.5,35.0,5,33.0
13780.23,28.0,5,44.0
10952.21,23.0,5,31.0
11345.52,39.0,5,186.0
20056.6,43.0,5,49.0
4776.2,30.0,4,30.0
0.0,20.0,1,30.0
18278.735,49.0,5,46.0
4870.95,44.0,4,300.0
10505.15,35.0,5,403.0
8185.6,35.0,4,49.0
10913.04,31.0,5,44.0
3329.935,21.0,3,39.0
9841.1,32.0,5,39.0
11261.2,35.0,5,32.0
920.2,37.0,2,46.0
34756.7,38.0,5,32.0
17021.19,35.0,5,186.0
394.2,36.0,2,46.0
13646.98,22.0,5,44.0
983.781668,20.0,2,39.0
13194.5,33.0,5,32.0
8265.72,28.0,4,33.0
9174.37,20.0,5,41.0
10179.95,34.0,5,33.0
22729.125,33.0,5,39.0
2413.0,42.0,3,39.0
520.6,41.0,2,39.0
3179.97,26.0,3,39.0
16983.499995,27.0,5,43.0
5762.14,28.0,4,186.0
3102.8,23.0,3,46.0
3486.79,54.0,3,44.0
4540.29,34.0,4,39.0
1168.8,39.0,2,49.0
12374.09,40.0,5,185.0
10420.56,43.0,5,135.0
600.0,44.0,2,30.0
1298.32,46.0,2,46.0
16222.92,35.0,5,185.0
8444.2,35.0,4,33.0
5060.28,27.0,4,44.0
40335.57,33.0,5,44.0
8374.17,32.0,4,44.0
3667.2,30.0,3,30.0
1883.03,32.0,3,46.0
0.0,25.0,1,41.0
17760.6,47.0,5,49.0
58870.4,32.0,5,49.0
192.37,28.0,1,46.0
3505.700003,35.0,3,43.0
13066.25,34.0,5,33.0
2588.23,30.0,3,39.0
2078.8,68.0,3,49.0
29300.3,34.0,5,31.0
5667.1,39.0,4,39.0
32167.92,47.0,5,30.0
7383.805,57.0,4,46.0
8359.6,31.0,4,30.0
151.1,23.0,1,32.0
706.715,21.0,2,46.0
12332.01,28.0,5,39.0
17134.05,27.0,5,184.0
7947.94,33.0,4,33.0
2363.71,41.0,3,186.0
1684.06,41.0,3,46.0
15330.45,30.0,5,186.0
3284.215,48.0,3,39.0
3659.855,29.0,3,46.0
9714.82,26.0,5,46.0
15762.16,35.0,5,135.0
7984.685,60.0,4,49.0
16126.06,39.0,5,41.0
11695.6,28.0,5,30.0
8078.23,25.0,4,46.0
2229.525,21.0,3,39.0
2639.2,37.0,3,39.0
8925.877,20.0,4,49.0
8468.9,30.0,4,30.0
18457.1,28.0,5,49.0
3799.875,45.0,3,39.0
9999.36,27.0,5,44.0
10768.265,48.0,5,39.0
13490.507,50.0,5,49.0
4662.71,51.0,4,39.0
8659.825,29.0,4,39.0
4762.495,34.0,4,46.0
7177.89,35.0,4,186.0
17318.295,51.0,5,39.0
8074.35,32.0,4,44.0
8273.49,28.0,4,41.0
8622.53,27.0,4,44.0
2110.87,26.0,3,39.0
18754.6,30.0,5,30.0
24761.75,42.0,5,403.0
19714.7,58.0,5,42.0
11708.55,33.0,5,32.0
9867.615,38.0,5,39.0
3971.2115,41.0,3,49.0
15202.77,20.0,5,39.0
2204.11,59.0,3,41.0
27447.55,33.0,5,403.0
3107.84,37.0,3,44.0
924.205,20.0,2,46.0
17404.05,40.0,5,44.0
13604.2,34.0,5,403.0
9373.333331,21.0,5,43.0
11204.85,44.0,5,403.0
9517.17,25.0,5,33.0
26506.388,34.0,5,49.0
2872.815,27.0,3,39.0
3799.81,35.0,3,46.0
1200.4,46.0,2,44.0
9318.6,25.0,5,135.0
4449.16,35.0,4,41.0
7195.55,45.0,4,46.0
10132.2,32.0,5,32.0
14913.8,53.0,5,30.0
9093.86,35.0,5,44.0
3745.45,54.0,3,33.0
14244.88,31.0,5,44.0
3806.4,47.0,3,46.0
8873.62,30.0,4,186.0
8443.07,24.0,4,44.0
3404.8,54.0,3,30.0
3831.52,43.0,3,39.0
0.0,21.0,1,33.0
8059.135,24.0,4,46.0
15827.4,19.0,5,41.0
9865.95,33.0,5,39.0
1545.52,34.0,3,44.0
4583.2,32.0,4,49.0
1399.2,37.0,2,46.0
3032.15,33.0,3,32.0
9124.93,30.0,5,39.0
4735.51,30.0,4,46.0
17671.4,35.0,5,30.0
15901.79,33.0,5,44.0
7498.1,58.0,4,49.0
10428.54,29.0,5,44.0
897.0,25.0,2,39.0
14806.03,27.0,5,49.0
3052.2,24.0,3,46.0
16344.575,33.0,5,39.0
1204.11,36.0,2,44.0
13888.32,32.0,5,41.0
1400.02,23.0,2,44.0
12793.63,26.0,5,44.0
8990.89,32.0,5,41.0
10156.96,34.0,5,39.0
1390.8,27.0,2,46.0
1100.0,30.0,2,46.0
1649.6,42.0,3,48.0
21211.95,29.0,5,32.0
13915.0,33.0,5,30.0
8035.4,33.0,4,46.0
14771.6,31.0,5,30.0
11665.96,27.0,5,44.0
10889.6,31.0,5,30.0
12638.35,33.0,5,403.0
3295.082000000001,28.0,3,39.0
16505.335,35.0,5,39.0
2292.87,37.0,3,44.0
11143.24,27.0,5,49.0
1938.25,28.0,3,42.0
3373.67,32.0,3,39.0
1147.62,30.0,2,44.0
290.2,29.0,2,30.0
8416.8,31.0,4,32.0
8497.3,29.0,4,39.0
3992.0,25.0,3,44.0
23506.95,40.0,5,32.0
3724.34,29.0,3,46.0
4690.295,41.0,4,46.0
3895.35,27.0,3,46.0
8373.08,31.0,4,30.0
13099.02,54.0,5,300.0
8232.62,34.0,4,49.0
13126.76,38.0,5,186.0
6609.615,27.0,4,39.0
15930.5,49.0,5,39.0
24362.37,50.0,5,44.0
30637.04,33.0,5,39.0
9487.84,31.0,5,135.0
8218.5,25.0,4,42.0
3706.55,26.0,3,135.0
12741.02,27.0,5,44.0
1554.4,34.0,3,44.0
21007.53,32.0,5,44.0
1931.95,22.0,3,44.0
10281.56,27.0,5,43.0
0.0,26.0,1,44.0
1658.43,26.0,3,44.0
24578.6,35.0,5,49.0
36381.16,30.0,5,403.0
13657.64,31.0,5,41.0
13747.77,34.0,5,186.0
18364.1,31.0,5,44.0
26763.48,31.0,5,135.0
2422.65,23.0,3,31.0
1764.13,40.0,3,41.0
23943.63,30.0,5,403.0
17565.05,47.0,5,32.0
0.0,53.0,1,39.0
1912.595,43.0,3,39.0
2457.15,27.0,3,44.0
1732.155,34.0,3,46.0
19879.050007,29.0,5,43.0
5066.3,32.0,4,39.0
19680.35,46.0,5,33.0
11153.12,28.0,5,41.0
3971.38,40.0,3,44.0
1891.29,21.0,3,44.0
12713.925,28.0,5,39.0
22050.33,27.0,5,319.0
4519.8,52.0,4,42.0
3784.89,34.0,3,39.0
10520.14,27.0,5,44.0
19746.0,35.0,5,30.0
22503.0,32.0,5,30.0
16456.745,23.0,5,41.0
10442.92,27.0,5,42.0
10836.6,31.0,5,30.0
3214.6,19.0,3,49.0
12402.68,53.0,5,39.0
2321.85,25.0,3,186.0
5438.18,26.0,4,186.0
14553.95,54.0,5,186.0
2901.8,24.0,3,39.0
2045.995,28.0,3,46.0
15038.905,32.0,5,39.0
1156.2,27.0,2,46.0
4166.87,57.0,4,46.0
14887.93,37.0,5,185.0
11340.12,35.0,5,44.0
12166.55,60.0,5,32.0
3687.96,26.0,3,135.0
18046.27,35.0,5,39.0
5853.54,27.0,4,39.0
24321.1,32.0,5,32.0
9379.09,30.0,5,44.0
33214.6,63.0,5,300.0
860.22,22.0,2,44.0
10052.76,34.0,5,41.0
24226.29,37.0,5,300.0
112.0,21.0,1,39.0
4403.8,40.0,4,30.0
600.266666,25.0,2,39.0
21450.205,43.0,5,39.0
9295.64,30.0,5,39.0
18378.86,27.0,5,186.0
8494.3,28.0,4,33.0
18289.74,51.0,5,135.0
8780.93,21.0,4,44.0
19573.85,32.0,5,32.0
3460.0,49.0,3,49.0
8488.0,32.0,4,42.0
2298.27,32.0,3,46.0
8302.0,34.0,4,44.0
17149.545,30.0,5,39.0
19573.85,29.0,5,31.0
3593.86,45.0,3,49.0
0.0,29.0,1,44.0
7336.735,44.0,4,39.0
1319.7,32.0,2,46.0
5007.19,19.0,4,46.0
18810.6,27.0,5,32.0
10243.6,34.0,5,39.0
14791.315,29.0,5,39.0
29455.0,27.0,5,48.0
4445.065,49.0,4,46.0
8431.2,29.0,4,30.0
1979.7,46.0,3,39.0
15691.15,29.0,5,49.0
2451.0,27.0,3,135.0
18091.3,23.0,5,39.0
180.3,26.0,1,39.0
2518.88,29.0,3,135.0
4228.15,28.0,4,39.0
100.0,37.0,1,39.0
10194.25,31.0,5,403.0
17719.065,35.0,5,39.0
4599.81,27.0,4,39.0
10806.68,31.0,5,49.0
0.0,28.0,1,44.0
2291.05,27.0,3,41.0
6243.85,33.0,4,42.0
700.0,35.0,2,39.0
30198.155,34.0,5,39.0
6025.72,35.0,4,135.0
9274.24,25.0,5,39.0
10679.08,44.0,5,39.0
14141.2,29.0,5,49.0
9908.29,27.0,5,41.0
10439.6,35.0,5,39.0
32276.3,37.0,5,32.0
21421.8,30.0,5,30.0
539.4,47.0,2,39.0
10290.66,35.0,5,41.0
20025.755,52.0,5,39.0
8125.47,30.0,4,46.0
8186.905,30.0,4,39.0
16888.82,35.0,5,30.0
788.0,36.0,2,32.0
1440.6,22.0,3,48.0
17497.68,34.0,5,30.0
1036.385,34.0,2,46.0
509.0,30.0,2,186.0
8248.35,34.0,4,33.0
15805.93,27.0,5,44.0
2930.65,22.0,3,46.0
1202.725,19.0,2,46.0
9406.57,31.0,5,30.0
13197.6,32.0,5,44.0
7090.7035,49.0,4,49.0
12350.06,34.0,5,46.0
12174.44,32.0,5,44.0
0.0,29.0,1,46.0
19857.0,27.0,5,403.0
23336.09,34.0,5,39.0
32944.34,27.0,5,186.0
5241.19,37.0,4,184.0
387.665,19.0,2,46.0
1757.035,34.0,3,46.0
2000.4,22.0,3,44.0
4950.8,22.0,4,39.0
3276.136,59.0,3,49.0
16219.453336000002,42.0,5,49.0
2085.16,21.0,3,46.0
9636.77,35.0,5,39.0
10607.97,29.0,5,44.0
252.315,29.0,2,46.0
585.135,33.0,2,46.0
4638.36,21.0,4,135.0
8056.205,27.0,4,46.0
7710.4,37.0,4,30.0
7414.5325,25.0,4,46.0
29488.000001,51.0,5,43.0
204.64,29.0,1,46.0
15356.8,33.0,5,32.0
6373.01,20.0,4,44.0
24295.25,43.0,5,32.0
10675.133329,20.0,5,43.0
1459.98,25.0,3,46.0
8206.86,31.0,4,44.0
10500.498332,19.0,5,46.0
5567.71,66.0,4,39.0
2999.915,51.0,3,39.0
2970.87,24.0,3,44.0
3339.73,31.0,3,41.0
18379.45,31.0,5,32.0
10453.29,33.0,5,46.0
9451.8,38.0,5,49.0
11376.14,27.0,5,41.0
20824.7,34.0,5,42.0
594.8,25.0,2,30.0
8679.9,33.0,4,49.0
24231.86,29.0,5,186.0
2712.28,27.0,3,41.0
669.64,23.0,2,41.0
31328.405,34.0,5,39.0
12268.9,54.0,5,39.0
632.93,32.69770879526977,2,300.0
8429.145,43.0,4,39.0
11462.115,45.0,5,39.0
3881.49,23.0,3,46.0
4120.255,43.0,3,39.0
2215.0,53.0,3,32.0
10365.85,34.0,5,41.0
29295.56,44.0,5,186.0
2798.0,32.0,3,39.0
935.19,37.0,2,41.0
16622.475,23.0,5,39.0
7722.21,37.0,4,39.0
703.6,64.0,2,49.0
10282.91,61.0,5,46.0
12739.58,54.0,5,30.0
2888.4,34.0,3,39.0
11700.0,33.0,5,49.0
20592.6,36.0,5,32.0
4717.8,23.0,4,39.0
10391.5,29.0,5,32.0
2671.39,25.0,3,46.0
14432.76,57.0,5,30.0
15277.37,33.0,5,44.0
1116.845,28.0,2,46.0
7546.8,32.0,4,39.0
4280.91,21.0,4,33.0
1255.82,28.0,2,46.0
15035.4,39.0,5,30.0
1891.78,21.0,3,46.0
8656.85,26.0,4,186.0
1240.2,23.0,2,48.0
5849.0,51.0,4,30.0
7554.4,21.0,4,33.0
19690.0,33.0,5,30.0
28054.86,41.0,5,39.0
10625.2,29.0,5,49.0
1592.21,38.0,3,186.0
13254.55,32.0,5,32.0
4340.07,25.0,4,44.0
5491.23,40.0,4,44.0
2750.0,37.0,3,48.0
13237.01,27.0,5,39.0
2748.04,25.0,3,41.0
3379.016501,23.0,3,43.0
636.4,29.0,2,30.0
11267.6,32.0,5,135.0
3622.67,22.0,3,42.0
5774.11,27.0,4,44.0
5264.59,32.69770879526977,4,300.0
1626.65,22.0,3,44.0
8577.6,41.0,4,32.0
20731.29,32.0,5,32.0
3791.61,22.0,3,46.0
790.986665,26.0,2,43.0
8474.4,22.0,4,30.0
12536.39,56.0,5,44.0
1350.14,30.0,2,39.0
2399.98,43.0,3,46.0
1282.2,33.0,2,39.0
2625.25,28.0,3,32.0
1965.94,68.0,3,39.0
3271.07,33.0,3,46.0
8907.18,32.0,4,44.0
4400.75,49.0,4,39.0
500.0,27.0,2,44.0
17055.65,33.0,5,31.0
26830.79,47.0,5,186.0
9380.54,30.0,5,39.0
1537.2,50.0,3,39.0
4968.005,25.0,4,39.0
11356.0,50.0,5,39.0
645.55,47.0,2,39.0
19044.335,34.0,5,46.0
18027.181,21.0,5,49.0
21525.805,29.0,5,49.0
9094.2,23.0,5,30.0
1355.9,29.0,2,403.0
16309.02,32.0,5,44.0
5114.785,49.0,4,39.0
9218.22,18.0,5,44.0
16765.95,33.0,5,32.0
1437.195,27.0,3,39.0
1900.0,33.0,3,43.0
9956.95,28.0,5,49.0
22714.75,29.0,5,300.0
8806.3,22.0,4,41.0
11911.48,33.0,5,135.0
21138.63,35.0,5,41.0
8594.4,30.0,4,30.0
9050.26,28.0,5,44.0
467.333334,20.0,2,43.0
9298.46,29.0,5,44.0
2125.92,24.0,3,44.0
14802.46,40.0,5,44.0
8581.341999999999,32.0,4,49.0
12509.58,34.0,5,30.0
16294.4,42.0,5,30.0
917.5,38.0,2,39.0
20079.55,31.0,5,32.0
18046.88,39.0,5,30.0
9862.86,28.0,5,44.0
9511.8,33.0,5,49.0
24161.52,32.0,5,44.0
10748.7,29.0,5,30.0
10664.1,35.0,5,30.0
8878.05,32.0,4,42.0
8915.35,21.0,4,46.0
15319.6,30.0,5,31.0
10610.51,25.0,5,46.0
24180.08,29.0,5,30.0
17333.535,32.0,5,39.0
3155.205,31.0,3,39.0
52690.1738,29.0,5,186.0
10948.6,61.0,5,32.0
12155.0,29.0,5,33.0
685.04,22.0,2,46.0
1135.98,30.0,2,184.0
283.73,47.0,2,184.0
16787.28,41.0,5,30.0
8962.395,24.0,5,46.0
16394.96,29.0,5,42.0
12012.51,33.0,5,39.0
17762.9,42.0,5,30.0
13042.8,43.0,5,39.0
15180.58,44.0,5,300.0
12246.49,54.0,5,186.0
626.75,25.0,2,39.0
8552.37,29.0,4,186.0
0.0,23.0,1,186.0
2712.8,30.0,3,30.0
16706.7,45.0,5,30.0
3982.485,44.0,3,39.0
28913.78,32.69770879526977,5,39.0
3598.495,31.0,3,39.0
11528.1,30.0,5,32.0
8428.73,70.0,4,49.0
13728.96,50.0,5,41.0
8198.935,33.0,4,39.0
22451.49,53.0,5,31.0
13112.02,49.0,5,300.0
30462.75,34.0,5,31.0
9986.6,28.0,5,30.0
10167.39,37.0,5,184.0
49989.075,32.0,5,39.0
2161.4,26.0,3,30.0
1641.8,38.0,3,39.0
7350.875,27.0,4,39.0
21737.47,27.0,5,41.0
45.48,24.0,1,135.0
13700.63,58.0,5,31.0
6547.74,26.0,4,135.0
22133.55,22.0,5,43.0
1649.37,29.0,3,44.0
5671.85,23.0,4,32.0
16183.065,26.0,5,39.0
12097.96,31.0,5,44.0
10263.755,25.0,5,39.0
11567.0,44.0,5,33.0
8357.13,34.0,4,44.0
19839.4,29.0,5,30.0
14888.665,32.0,5,46.0
90.0,27.0,1,30.0
4583.395,32.0,4,39.0
1279.03,27.0,2,39.0
10555.275,43.0,5,46.0
11601.54,47.0,5,31.0
4342.48,33.0,4,185.0
11703.33,29.0,5,41.0
14187.55,38.0,5,185.0
10268.22,30.0,5,44.0
8199.71,28.0,4,44.0
13412.15,30.0,5,33.0
2925.095,21.0,3,39.0
112.05,24.0,1,39.0
1707.7,51.0,3,42.0
981.75,33.0,2,39.0
18351.72,35.0,5,41.0
12137.45,37.0,5,39.0
16713.2,30.0,5,30.0
19683.55,67.0,5,32.0
1450.0,45.0,3,30.0
20006.2,40.0,5,30.0
20877.985,34.0,5,39.0
15569.9,29.0,5,46.0
11866.78,23.0,5,44.0
2414.795,42.0,3,46.0
30022.95,19.0,5,44.0
8170.85,34.0,4,44.0
9907.11,30.0,5,49.0
8399.0,41.0,4,30.0
4308.54,28.0,4,135.0
1547.82,27.0,3,39.0
2033.93,28.0,3,46.0
21089.58,28.0,5,41.0
399.7,24.0,2,46.0
15585.965,21.0,5,46.0
3496.495,66.0,3,39.0
23731.97,25.0,5,44.0
5956.265,58.0,4,39.0
2529.56,22.0,3,135.0
18547.29,32.0,5,39.0
38341.9,31.0,5,403.0
24086.8,30.0,5,30.0
650.11,23.0,2,33.0
1776.235,29.0,3,46.0
1088.83,20.0,2,44.0
2282.89,22.0,3,46.0
8672.41,29.0,4,41.0
15870.95,30.0,5,33.0
14168.15,51.0,5,32.0
17557.62,28.0,5,135.0
6601.215,27.0,4,41.0
16221.41,21.0,5,44.0
1554.63,27.0,3,39.0
15872.3555,27.0,5,49.0
8347.01,67.0,4,41.0
3881.86,29.0,3,39.0
1100.08,31.0,2,44.0
9978.75,35.0,5,186.0
33161.19,52.0,5,33.0
4200.0,28.0,4,32.0
8663.965,29.0,4,46.0
16611.815,116.0,5,39.0
16017.53,35.0,5,30.0
2749.19,29.0,3,186.0
2916.09,19.0,3,44.0
14502.6,45.0,5,32.0
8433.4,31.0,4,30.0
22010.32,45.0,5,32.0
16320.76,28.0,5,30.0
8546.22,33.0,4,39.0
8476.505,29.0,4,46.0
12506.2,33.0,5,32.0
22715.74,47.0,5,30.0
16577.8,32.69770879526977,5,30.0
22250.015,31.0,5,46.0
564.2,18.0,2,44.0
3889.26,25.0,3,46.0
3463.61,55.0,3,44.0
1158.29,53.0,2,186.0
2015.77,23.0,3,44.0
15999.0,25.0,5,41.0
14435.0,35.0,5,41.0
15586.7,28.0,5,32.0
15682.55,46.0,5,33.0
11597.6,32.0,5,30.0
1914.95,38.0,3,186.0
3439.25,34.0,3,33.0
4144.675,53.0,3,185.0
9292.62,25.0,5,39.0
2623.2,28.0,3,30.0
10952.666664,32.0,5,43.0
2997.095,33.0,3,46.0
15546.3,36.0,5,42.0
9383.15,33.0,5,32.0
28299.483332,31.0,5,43.0
4325.185,27.0,4,39.0
2091.6,25.0,3,46.0
3449.9,36.0,3,39.0
13057.45,39.0,5,32.0
1413.37,36.0,3,41.0
35587.35,34.0,5,46.0
11914.98,25.0,5,30.0
2613.055,32.0,3,39.0
18991.38,34.0,5,44.0
17870.99,37.0,5,44.0
11778.76,25.0,5,41.0
1796.7,47.0,3,184.0
1456.7,26.0,3,33.0
3895.075,24.0,3,39.0
178.07,28.0,1,44.0
8350.36,34.0,4,135.0
18559.1,21.0,5,39.0
13999.4,29.0,5,403.0
0.0,28.0,1,135.0
584.03,27.0,2,46.0
15822.85,58.0,5,403.0
4736.78,26.0,4,44.0
12514.63,40.0,5,186.0
16191.765,34.0,5,39.0
4380.39,30.0,4,39.0
11492.08,30.0,5,319.0
8436.8,28.0,4,46.0
14002.165,26.0,5,39.0
15091.3,29.0,5,403.0
3099.41,34.0,3,39.0
1550.845,45.0,3,46.0
16752.445,33.0,5,49.0
15414.42,25.0,5,39.0
19673.84,51.0,5,185.0
10160.77,35.0,5,44.0
16459.8,24.0,5,403.0
28741.12,35.0,5,135.0
25967.235,34.0,5,39.0
13072.91,24.0,5,186.0
9287.43,22.0,5,49.0
15089.0,29.0,5,39.0
8123.8,25.0,4,49.0
12730.48,23.0,5,44.0
21015.49,27.0,5,39.0
16404.64,31.0,5,46.0
12856.085,27.0,5,39.0
16301.09,51.0,5,39.0
9557.47,27.0,5,184.0
17302.66,43.0,5,30.0
8546.82,27.0,4,44.0
8476.4,31.0,4,44.0
19789.6895,31.0,5,49.0
20336.4,34.0,5,33.0
12999.999998,23.0,5,43.0
11702.975,47.0,5,39.0
4331.1,35.0,4,49.0
9413.27,29.0,5,46.0
2931.93,34.0,3,44.0
12358.0,28.0,5,30.0
21085.247000000007,34.0,5,403.0
200.0,32.0,1,43.0
5256.045,26.0,4,39.0
2600.0,37.0,3,39.0
7709.13,23.0,4,44.0
20868.3,26.0,5,403.0
1599.655,24.0,3,39.0
5572.8,29.0,4,30.0
23072.82,33.0,5,186.0
9065.88,20.0,5,44.0
9486.03,33.0,5,41.0
14190.97,31.0,5,44.0
8430.11,29.0,4,44.0
27491.45,33.0,5,403.0
10024.049999,24.0,5,43.0
2161.8,30.0,3,39.0
16946.45,21.0,5,41.0
13758.5,37.0,5,42.0
14651.52,33.0,5,46.0
14278.15,33.0,5,32.0
22513.38,27.0,5,32.0
4630.46,32.0,4,39.0
3087.24,27.0,3,186.0
12506.6,35.0,5,30.0
3374.74,24.0,3,46.0
18813.68,32.0,5,39.0
20411.5,35.0,5,32.0
19030.13,62.0,5,44.0
10496.8,31.0,5,39.0
11194.0,29.0,5,31.0
17526.05,27.0,5,403.0
4418.09,117.0,4,44.0
2635.8,63.0,3,49.0
604.58,26.0,2,44.0
11535.07,31.0,5,44.0
15037.8,55.0,5,403.0
19557.82,27.0,5,185.0
11442.7,38.0,5,32.0
687.03,20.0,2,44.0
2309.64,21.0,3,44.0
2682.36,37.0,3,44.0
12716.6,31.0,5,32.0
1345.045,28.0,2,46.0
10896.59984,21.0,5,43.0
5923.9,32.0,4,186.0
486.555,22.0,2,39.0
16465.73,34.0,5,41.0
0.0,22.0,1,46.0
10784.26,34.0,5,39.0
4155.79,27.0,3,49.0
1708.24,26.0,3,44.0
3141.04,22.0,3,44.0
12784.2,49.0,5,403.0
10923.055,34.0,5,39.0
18240.39,30.0,5,44.0
1797.2,25.0,3,39.0
1855.78,24.0,3,39.0
22170.345,33.0,5,39.0
752.4,30.0,2,46.0
11828.73,31.0,5,41.0
24567.8,40.0,5,30.0
3211.465,23.0,3,39.0
3260.39,20.0,3,46.0
12820.0,34.0,5,46.0
187.2,28.0,1,30.0
9999.715,28.0,5,39.0
10032.0,31.0,5,39.0
3031.6,28.0,3,39.0
11689.775,30.0,5,46.0
5013.43,40.0,4,39.0
179.6,24.0,1,39.0
14900.2,35.0,5,44.0
26784.78,44.0,5,300.0
3437.6,26.0,3,39.0
10025.75,30.0,5,32.0
5416.4,37.0,4,33.0
11748.6,25.0,5,30.0
5364.98,45.0,4,44.0
12078.65,29.0,5,184.0
9576.155,30.0,5,39.0
11020.735,53.0,5,42.0
1285.225,27.0,2,46.0
9284.9,34.0,5,48.0
8447.0,23.0,4,30.0
11085.0,30.0,5,42.0
1.2,50.0,1,46.0
10132.34,46.0,5,39.0
12849.845,41.0,5,39.0
2246.93,37.0,3,39.0
19566.8,22.0,5,39.0
200.02,32.0,1,46.0
14047.32,35.0,5,41.0
13574.49,37.0,5,32.0
21612.4,54.0,5,32.0
20224.23,35.0,5,39.0
9259.8,25.0,5,44.0
12595.58,32.0,5,44.0
7075.27,37.0,4,44.0
5802.2,30.0,4,39.0
583.17,22.0,2,41.0
21029.299994,23.0,5,43.0
11217.18,29.0,5,44.0
852.61,25.0,2,46.0
2366.235,37.0,3,39.0
8845.84,30.0,4,186.0
21179.59,27.0,5,300.0
10678.33,28.0,5,44.0
17553.06,35.0,5,44.0
3400.0,21.0,3,39.0
31491.01,41.0,5,32.0
382.01,21.0,2,46.0
2257.415,21.0,3,46.0
18353.69,35.0,5,46.0
17392.6,35.0,5,32.0
1242.315,22.0,2,39.0
4720.255,22.0,4,39.0
15736.835,29.0,5,39.0
9242.29,30.0,5,44.0
4943.8,27.0,4,30.0
9773.56,34.0,5,49.0
12069.865,32.0,5,49.0
11879.57,34.0,5,32.0
14158.0,35.0,5,39.0
11689.58,34.0,5,41.0
3265.705,34.0,3,46.0
4292.4,37.0,4,44.0
3451.7,25.0,3,33.0
15415.22,26.0,5,44.0
23398.18,40.0,5,49.0
1585.96,24.0,3,41.0
15209.31,35.0,5,31.0
1703.2,20.0,3,46.0
13418.45,32.0,5,32.0
21768.93,34.0,5,49.0
13559.3,33.0,5,32.0
284.8,24.0,2,46.0
1302.275,24.0,2,46.0
23935.9,35.0,5,30.0
8603.66,31.0,4,46.0
4200.0,21.0,4,49.0
11367.83,28.0,5,46.0
31287.1,52.0,5,185.0
12501.55,28.0,5,186.0
16689.1,32.0,5,32.0
3506.45,27.0,3,46.0
3803.61,27.0,3,46.0
1177.585,25.0,2,46.0
2987.075,45.0,3,39.0
19636.82,34.0,5,30.0
8248.52,29.0,4,135.0
1672.835,28.0,3,46.0
8405.05,32.0,4,44.0
12355.08,32.0,5,33.0
19156.095,55.0,5,39.0
1934.8,27.0,3,46.0
193.34,26.0,1,44.0
8877.3,30.0,4,41.0
16116.015,32.0,5,39.0
1000.3,28.0,2,33.0
1920.5,25.0,3,30.0
4669.865,30.0,4,46.0
9973.825,36.0,5,46.0
6823.85,43.0,4,403.0
13707.01,51.0,5,44.0
897.43,29.0,2,48.0
23252.62,29.0,5,186.0
1498.175,48.0,3,46.0
11638.74,31.0,5,44.0
4496.64,30.0,4,39.0
6760.35,65.0,4,46.0
1190.0,35.0,2,39.0
10332.37,22.0,5,46.0
31090.6,32.0,5,33.0
11911.945,33.0,5,39.0
12745.3655,35.0,5,39.0
11077.25,29.0,5,44.0
10454.5,29.0,5,403.0
12386.59,23.0,5,44.0
11170.285,32.0,5,39.0
3750.0,25.0,3,30.0
12112.39,31.0,5,319.0
2691.34,20.0,3,39.0
1323.1,26.0,2,44.0
2603.13,28.0,3,44.0
11213.51,31.0,5,41.0
15481.275,28.0,5,39.0
1348.4,55.0,2,48.0
681.195,28.0,2,46.0
3689.3,32.0,3,39.0
26213.3,39.0,5,31.0
26391.85,60.0,5,403.0
20889.095,34.0,5,39.0
3151.4775,33.0,3,49.0
17309.8,32.0,5,32.0
24187.21,58.0,5,44.0
0.0,26.0,1,30.0
3092.4,21.0,3,46.0
1367.94,24.0,2,44.0
17139.91,59.0,5,184.0
17958.58,32.0,5,30.0
2659.945,25.0,3,39.0
19423.59,34.0,5,46.0
2516.8,23.0,3,403.0
10888.5,32.0,5,32.0
26501.15,46.0,5,42.0
3981.07,26.0,3,44.0
28831.1,25.0,5,32.0
1811.6,35.0,3,39.0
11566.815,35.0,5,46.0
24438.33,39.0,5,39.0
3324.725,38.0,3,46.0
10884.98,28.0,5,44.0
1614.39,30.0,3,39.0
20512.06,21.0,5,39.0
26467.01,25.0,5,49.0
24533.8,53.0,5,32.0
11914.14,15.0,5,300.0
15553.3,26.0,5,403.0
1522.67,22.0,3,44.0
4127.54,27.0,3,44.0
13975.8,32.0,5,30.0
8695.175,24.0,4,46.0
6494.8,34.0,4,46.0
3270.0,56.0,3,39.0
17492.335,57.0,5,39.0
5127.5,47.0,4,49.0
14831.4,32.0,5,30.0
10111.18,39.0,5,39.0
18991.715,37.0,5,39.0
312.62,47.0,2,44.0
72943.1,27.0,5,403.0
10591.88,29.0,5,186.0
10844.9,21.0,5,44.0
16165.78,33.0,5,30.0
8968.245,47.0,5,39.0
4801.2,26.0,4,46.0
2890.27,20.0,3,46.0
17358.0,32.0,5,39.0
11813.585,33.0,5,39.0
13164.6,34.0,5,32.0
1814.8,32.0,3,32.0
7170.64,38.0,4,33.0
14589.41,40.0,5,185.0
19512.05,55.0,5,403.0
21449.81,34.0,5,186.0
27629.1,30.0,5,30.0
16243.6,34.0,5,49.0
8379.76,32.0,4,39.0
295.65,28.0,2,33.0
8440.32,28.0,4,44.0
2020.0,31.0,3,49.0
10600.76,37.0,5,135.0
1000.0,29.0,2,42.0
11195.135,32.0,5,39.0
11592.2,28.0,5,49.0
6060.0,32.0,4,39.0
14646.05,28.0,5,44.0
977.295,26.0,2,46.0
13020.6,36.0,5,30.0
11597.0,27.0,5,30.0
6719.3,36.0,4,32.0
10031.6,25.0,5,30.0
8390.285,31.0,4,39.0
1740.09,21.0,3,46.0
35192.33,43.0,5,32.0
8233.695,29.0,4,39.0
8808.48,34.0,4,49.0
3360.22,27.0,3,39.0
33308.54,34.0,5,32.0
4185.0,35.0,4,33.0
756.95,36.0,2,46.0
15488.635,43.0,5,39.0
12640.13,41.0,5,46.0
1649.895,27.0,3,46.0
9018.34,34.0,5,49.0
14709.89,27.0,5,33.0
13776.02,32.0,5,31.0
2093.0,31.0,3,30.0
15816.15,33.0,5,403.0
4030.1,61.0,3,46.0
10064.4,31.0,5,30.0
10199.333334,32.0,5,43.0
8332.83,26.0,4,44.0
12863.15,42.0,5,32.0
2424.92,27.0,3,403.0
10278.835,26.0,5,39.0
11419.45,37.0,5,32.0
2053.27,31.0,3,39.0
2793.04,34.0,3,39.0
10331.81,31.0,5,184.0
2026.83,31.0,3,39.0
20630.8,33.0,5,30.0
11050.3,29.0,5,184.0
13219.44,40.0,5,30.0
24036.895,41.0,5,46.0
15698.22,54.0,5,319.0
10385.45,35.0,5,31.0
2808.36,25.0,3,44.0
2230.32,30.0,3,46.0
14900.6,35.0,5,39.0
53016.0,27.0,5,97.0
15301.46,32.0,5,184.0
2725.77,29.0,3,44.0
13456.59,22.0,5,44.0
18109.25,30.0,5,403.0
15753.43,28.0,5,39.0
296.26,21.0,2,44.0
17854.69,47.0,5,44.0
13636.065,24.0,5,46.0
2000.13,27.0,3,46.0
15192.61,46.0,5,39.0
3051.57,34.0,3,44.0
5156.0,20.0,4,33.0
3105.28,22.0,3,49.0
10109.83,27.0,5,44.0
14650.695,49.0,5,39.0
14817.92,29.0,5,30.0
11724.04,32.0,5,30.0
17238.625,33.0,5,39.0
18702.4,27.0,5,31.0
12594.4,27.0,5,46.0
35.2,24.0,1,33.0
24550.6,29.0,5,39.0
10057.0,20.0,5,48.0
9621.275,29.0,5,48.0
643.89,20.0,2,46.0
11260.0,32.0,5,30.0
2775.235,38.0,3,39.0
10121.0,34.0,5,39.0
17877.9,27.0,5,30.0
3894.185,28.0,3,46.0
8058.85,34.0,4,33.0
1195.145,22.0,2,46.0
9401.685,29.0,5,39.0
11879.45,33.0,5,32.0
3310.815,32.0,3,39.0
1886.045,25.0,3,46.0
20344.8,30.0,5,31.0
12986.37,30.0,5,41.0
12089.98,42.0,5,39.0
15774.266666,26.0,5,39.0
15548.9,38.0,5,30.0
14664.95,33.0,5,32.0
9569.34,29.0,5,186.0
13125.4,32.0,5,48.0
18318.92,35.0,5,41.0
19580.87,45.0,5,319.0
29586.8,24.0,5,49.0
32421.65,21.0,5,403.0
12836.05,22.0,5,39.0
26941.68,31.0,5,30.0
13862.5,34.0,5,30.0
8294.84,28.0,4,135.0
3195.8,43.0,3,33.0
9901.68,33.0,5,135.0
5181.52,30.0,4,46.0
2703.65,27.0,3,44.0
1722.04,25.0,3,186.0
8629.155,20.0,4,46.0
12326.65,41.0,5,32.0
29226.493328,29.0,5,43.0
8095.26,22.0,4,46.0
15251.65,47.0,5,32.0
8235.9,33.0,4,49.0
600.0,28.0,2,43.0
1935.24,33.0,3,41.0
10943.6,25.0,5,32.0
14903.065,23.0,5,46.0
12732.5,65.0,5,32.0
1697.4,23.0,3,46.0
13583.8,34.0,5,135.0
18804.88,32.0,5,39.0
11950.4,31.0,5,46.0
1263.01,23.0,2,44.0
8678.15,35.0,4,32.0
7670.0,43.0,4,49.0
10804.12,25.0,5,135.0
2188.0,33.0,3,46.0
1524.8,33.0,3,39.0
16808.76,24.0,5,135.0
3189.37,23.0,3,48.0
16454.42,37.0,5,39.0
11482.44,44.0,5,32.0
13099.2,34.0,5,30.0
8229.36,23.0,4,46.0
16873.36,22.0,5,49.0
12386.27,32.69770879526977,5,44.0
27883.3,49.0,5,403.0
16071.2215,28.0,5,49.0
997.4,33.0,2,39.0
198.67,20.0,1,44.0
22519.6,21.0,5,39.0
1005.54,30.0,2,44.0
1468.96,23.0,3,39.0
14711.73,59.0,5,185.0
18569.13,33.0,5,403.0
8375.132994,25.0,4,43.0
13274.46,29.0,5,39.0
7873.6,37.0,4,39.0
2405.72,33.0,3,33.0
21366.8,35.0,5,49.0
8906.67,19.0,4,44.0
8131.37,34.0,4,39.0
2440.73,21.0,3,44.0
3335.59,26.0,3,39.0
11761.06,32.0,5,403.0
9320.345,34.0,5,39.0
13405.32,43.0,5,49.0
8389.55,31.0,4,32.0
10217.33,24.0,5,44.0
14167.4,29.0,5,32.0
25154.0,26.0,5,403.0
8115.4,30.0,4,46.0
1476.655,28.0,3,44.0
18115.93,50.0,5,32.0
28813.0,33.0,5,135.0
18837.44,31.0,5,41.0
19427.1,28.0,5,39.0
5489.78,60.0,4,44.0
21038.0,33.0,5,32.0
4841.24,24.0,4,135.0
51595.8,35.0,5,30.0
6248.8,26.0,4,39.0
13106.55,25.0,5,46.0
2099.885,37.0,3,39.0
5169.499,25.0,4,49.0
554.9,29.0,2,46.0
22980.06,27.0,5,39.0
2657.775,39.0,3,39.0
11737.2,33.0,5,39.0
1745.24,29.0,3,44.0
19465.81,32.69770879526977,5,300.0
11092.58,32.0,5,49.0
8228.6,34.0,4,32.0
10901.2,32.0,5,32.0
9888.18,28.0,5,186.0
2536.2,23.0,3,49.0
2400.0,25.0,3,39.0
13023.9,42.0,5,49.0
3864.875,21.0,3,46.0
25733.85,51.0,5,32.0
25020.66,35.0,5,39.0
18003.92,39.0,5,31.0
14304.42,32.0,5,49.0
4200.045,47.0,4,39.0
9992.4,34.0,5,30.0
8252.85,31.0,4,33.0
2305.56,31.0,3,135.0
3327.54,23.0,3,44.0
8732.6,34.0,4,39.0
16506.88,45.0,5,30.0
561.124,25.0,2,184.0
3700.0,53.0,3,39.0
5668.06,27.0,4,44.0
14250.88,29.0,5,135.0
3755.855,26.0,3,39.0
11816.32,27.0,5,319.0
14079.86,27.0,5,186.0
69006.55,40.0,5,186.0
6004.0,40.0,4,32.0
3889.85,55.0,3,39.0
111.99,34.0,1,44.0
23001.195,29.0,5,46.0
15251.55,32.0,5,44.0
24014.8,35.0,5,30.0
3593.755,28.0,3,39.0
11085.6,30.0,5,33.0
40890.05,57.0,5,32.0
18052.4,48.0,5,186.0
8157.96,33.0,4,39.0
9756.86,29.0,5,44.0
12361.9,33.0,5,33.0
21029.35,26.0,5,43.0
1189.79,27.0,2,39.0
10478.42,34.0,5,44.0
2892.895,34.0,3,39.0
8755.09,25.0,4,44.0
21973.085,34.0,5,39.0
4890.027,38.0,4,39.0
30507.6,27.0,5,403.0
21115.965,45.0,5,39.0
9810.41,26.0,5,44.0
742.11,25.0,2,41.0
23199.5,22.0,5,403.0
28345.1245,27.0,5,49.0
6098.4,38.0,4,39.0
16114.845,25.0,5,44.0
9013.045,34.0,5,49.0
5603.06,51.0,4,39.0
2336.9,23.0,3,48.0
8943.85,22.0,5,403.0
10737.5,22.0,5,30.0
21083.6,35.0,5,49.0
9016.09,30.0,5,44.0
15725.76,32.0,5,41.0
35290.5235,18.0,5,49.0
17781.1,27.0,5,30.0
13147.35,30.0,5,31.0
33632.08,50.0,5,135.0
8454.4,25.0,4,30.0
1153.55,47.0,2,33.0
380.0,25.0,2,46.0
1085.0,26.0,2,185.0
12682.76,44.0,5,300.0
9984.29,29.0,5,44.0
25165.4,27.0,5,30.0
17647.6,30.0,5,39.0
24296.795,35.0,5,39.0
16302.385,23.0,5,39.0
11751.375,30.0,5,39.0
12858.34,28.0,5,44.0
11230.88,27.0,5,41.0
17270.5,55.0,5,32.0
11736.57,48.0,5,39.0
18494.93,30.0,5,39.0
12272.32,35.0,5,39.0
5001.0,26.0,4,39.0
15360.45,34.0,5,42.0
10635.64,48.0,5,33.0
1900.53,24.0,3,44.0
1030.01,29.0,2,46.0
4100.0,32.69770879526977,3,46.0
18127.22,38.0,5,30.0
997.5,35.0,2,48.0
3155.765,28.0,3,46.0
10053.95,25.0,5,44.0
10429.28,27.0,5,39.0
3090.47,21.0,3,44.0
2893.949,28.0,3,49.0
991.88,34.0,2,46.0
3127.515,24.0,3,46.0
0.0,28.0,1,135.0
15636.56,37.0,5,30.0
2318.0,28.0,3,39.0
1854.98,53.0,3,46.0
1336.34,29.0,2,44.0
100.9,28.0,1,32.0
8175.4,22.0,4,39.0
494.8,22.0,2,48.0
18208.175,30.0,5,39.0
24472.15,31.0,5,403.0
2165.32,29.0,3,44.0
10124.63,32.0,5,44.0
30753.85,54.0,5,403.0
13399.55,34.0,5,31.0
5524.45,62.0,4,44.0
3716.66,22.0,3,46.0
8724.36,34.0,4,44.0
33330.24,49.0,5,185.0
4883.55,26.0,4,33.0
13964.933332,20.0,5,43.0
45.04,47.0,1,185.0
1688.13,28.0,3,44.0
15124.21,32.0,5,32.0
10957.6,33.0,5,39.0
8247.18,35.0,4,186.0
23512.88,35.0,5,30.0
1921.47,20.0,3,44.0
16896.15,41.0,5,403.0
12356.25,31.0,5,186.0
14777.97,34.0,5,44.0
8374.2,31.0,4,30.0
2700.485,32.0,3,46.0
4570.235,38.0,4,39.0
9153.115,25.0,5,46.0
1358.365,23.0,2,46.0
13290.38,31.0,5,44.0
11197.59,31.0,5,39.0
11383.13,24.0,5,44.0
3835.425,48.0,3,39.0
10248.08,27.0,5,39.0
16496.8,33.0,5,32.0
7701.07,40.0,4,39.0
2596.63,41.0,3,46.0
617.57,24.0,2,44.0
3825.08,44.0,3,39.0
20648.3,27.0,5,31.0
199.93,31.0,1,44.0
8963.2,32.0,5,39.0
1385.4,33.0,2,46.0
16418.7,26.0,5,46.0
10614.46,31.0,5,185.0
12380.25,30.0,5,33.0
12651.73,23.0,5,44.0
3905.22,25.0,3,135.0
8378.15,25.0,4,32.0
3321.69,45.0,3,41.0
2729.5,25.0,3,403.0
12279.67,32.0,5,185.0
19629.04,32.0,5,41.0
24696.74334,27.0,5,43.0
4889.11,29.0,4,39.0
749.98,30.0,2,44.0
1000.0,41.0,2,30.0
34801.2,52.0,5,30.0
12360.35,28.0,5,44.0
332.4,22.0,2,30.0
11045.0,33.0,5,39.0
15498.6,48.0,5,30.0
0.0,22.0,1,44.0
20015.34,29.0,5,41.0
1032.8,23.0,2,39.0
979.77,22.0,2,44.0
12855.4,45.0,5,30.0
3137.22,23.0,3,41.0
16318.86,50.0,5,300.0
25710.96,30.0,5,41.0
15919.41,32.0,5,186.0
5329.19,37.0,4,44.0
5304.37,34.0,4,185.0
3026.475,49.0,3,39.0
8347.55,45.0,4,33.0
30320.18,30.0,5,44.0
14879.92,30.0,5,186.0
8949.705,58.0,5,46.0
18552.1,45.0,5,42.0
910.0,34.0,2,46.0
3969.0,26.0,3,39.0
8320.9,27.0,4,184.0
2044.79,22.0,3,39.0
15674.88,30.0,5,44.0
12528.2,28.0,5,30.0
6690.8,31.0,4,49.0
17231.93,33.0,5,46.0
1270.2,29.0,2,39.0
2149.67,26.0,3,46.0
9191.33,31.0,5,39.0
1030.0,24.0,2,39.0
42106.8,38.0,5,403.0
686.8,24.0,2,44.0
22313.53,27.0,5,41.0
1497.295,23.0,3,46.0
11780.05,52.0,5,32.0
20777.48,31.0,5,39.0
7254.96,47.0,4,184.0
9230.69,29.0,5,42.0
12637.25,23.0,5,44.0
23802.716682,29.0,5,43.0
5599.18,30.0,4,46.0
8153.47,21.0,4,44.0
27808.55,35.0,5,403.0
1901.0,40.0,3,49.0
10168.685,20.0,5,46.0
11917.15,34.0,5,32.0
87987.94,35.0,5,30.0
15510.97,26.0,5,185.0
9774.84,22.0,5,185.0
17249.26,24.0,5,44.0
5020.9,28.0,4,32.0
1600.0,52.0,3,135.0
10650.26,33.0,5,33.0
1959.03,21.0,3,44.0
14235.3,27.0,5,44.0
3804.4,37.0,3,30.0
1600.76,33.0,3,39.0
11999.999998,26.0,5,43.0
8280.34,32.0,4,44.0
1897.7,26.0,3,46.0
36246.65,32.0,5,403.0
11836.325,51.0,5,39.0
10052.5,33.0,5,49.0
16406.6,34.0,5,32.0
13456.25,27.0,5,39.0
10971.215,31.0,5,46.0
11760.0,25.0,5,33.0
25120.005,32.0,5,39.0
4640.495,25.0,4,44.0
1691.6,26.0,3,46.0
15013.1,32.0,5,39.0
2020.975,65.0,3,39.0
34543.65,64.0,5,32.0
28422.3,27.0,5,135.0
1050.56,27.0,2,44.0
34061.86,57.0,5,32.0
1962.65,29.0,3,42.0
1475.975,42.0,3,46.0
0.0,52.0,1,46.0
8985.0,33.0,5,32.0
9092.35,21.0,5,44.0
11496.735,32.0,5,46.0
44100.0,34.0,5,46.0
172.83,25.0,1,44.0
3303.625,23.0,3,46.0
68963.22,32.0,5,30.0
8469.52,33.0,4,184.0
12850.34,45.0,5,44.0
8368.2,35.0,4,49.0
1158.31,26.0,2,44.0
4985.2,32.0,4,49.0
11759.0,29.0,5,403.0
27385.17,30.0,5,49.0
8982.07,31.0,5,186.0
872.56,68.0,2,41.0
1519.8,28.0,3,46.0
30876.12,47.0,5,30.0
8098.43,34.0,4,41.0
2180.01,25.0,3,44.0
14386.925,30.0,5,44.0
26184.86,31.0,5,185.0
2557.175,33.0,3,46.0
2078.47,31.0,3,46.0
10870.78,32.0,5,184.0
16786.67,35.0,5,41.0
2016.88,32.0,3,46.0
0.0,21.0,1,33.0
12509.7,32.0,5,30.0
21007.2,19.0,5,39.0
10057.0,42.0,5,30.0
895.215,32.0,2,46.0
11546.0345,25.0,5,49.0
20115.733335,32.0,5,39.0
689.57,42.0,2,46.0
8991.0,25.0,5,46.0
1229.225,34.0,2,46.0
11464.7555,34.0,5,39.0
2390.0,24.0,3,39.0
8091.8,33.0,4,30.0
12608.49,45.0,5,185.0
15310.22,30.0,5,39.0
8429.98,34.0,4,39.0
16948.91,32.0,5,41.0
9166.5,30.0,5,30.0
5467.31,28.0,4,30.0
9700.02,25.0,5,44.0
3393.315,29.0,3,39.0
4358.314,42.0,4,49.0
12744.98,29.0,5,41.0
9838.43,34.0,5,44.0
4700.0,29.0,4,39.0
8993.416329000001,21.0,5,43.0
2195.56,33.0,3,44.0
34754.66,47.0,5,300.0
4699.4,26.0,4,48.0
3893.265,33.0,3,46.0
11967.24,21.0,5,135.0
37306.54,30.0,5,30.0
1536.75,56.0,3,46.0
5800.975,29.0,4,39.0
21453.0,52.0,5,30.0
12226.05,29.0,5,32.0
1323.8,58.0,2,49.0
8379.94,35.0,4,44.0
7556.05,38.0,4,39.0
8362.85,30.0,4,33.0
8710.4,28.0,4,39.0
3905.91,23.0,3,186.0
21250.46,32.69770879526977,5,300.0
9852.47,29.0,5,44.0
22036.166664,33.0,5,43.0
249.7,19.0,2,46.0
8555.83,27.0,4,184.0
3362.13,27.0,3,41.0
8407.52,31.0,4,49.0
8861.2155,22.0,4,49.0
10217.0,34.0,5,44.0
33569.15,27.0,5,49.0
20010.305,26.0,5,49.0
1418.51,39.0,3,41.0
12002.5,32.0,5,33.0
2891.62,24.0,3,44.0
29057.33,40.0,5,300.0
14267.8,27.0,5,46.0
1374.95,27.0,2,49.0
12466.48,31.0,5,135.0
34105.66,63.0,5,403.0
17143.7,31.0,5,49.0
10094.6,33.0,5,30.0
14050.5,30.0,5,30.0
3598.73,35.0,3,39.0
200.0,24.0,1,39.0
17855.16,34.0,5,44.0
4156.245,21.0,3,39.0
29728.75,38.0,5,403.0
3876.275,23.0,3,46.0
4497.47,38.0,4,39.0
12569.25,27.0,5,32.0
12829.52,32.0,5,44.0
3155.8,33.0,3,49.0
3640.0,24.0,3,46.0
4007.5,23.0,3,39.0
3673.055,21.0,3,46.0
5282.63,47.0,4,44.0
10040.32,30.0,5,30.0
0.0,29.0,1,30.0
2294.86,22.0,3,39.0
19950.5565,35.0,5,49.0
18731.866663,32.0,5,49.0
12030.666666,23.0,5,43.0
497.0,27.0,2,46.0
30778.88,31.0,5,135.0
52718.49,29.0,5,46.0
1881.3,33.0,3,33.0
13414.7,38.0,5,403.0
12010.450004,39.0,5,39.0
200.0,27.0,1,39.0
18537.35,27.0,5,44.0
3841.29,27.0,3,44.0
17326.76,23.0,5,41.0
5750.85,24.0,4,44.0
18082.3,32.0,5,30.0
14582.03,33.0,5,39.0
8131.88,35.0,4,44.0
2837.68,28.0,3,44.0
8132.75,31.0,4,32.0
19030.16,31.0,5,39.0
3146.59,25.0,3,186.0
15767.26,35.0,5,185.0
9428.695,29.0,5,46.0
1922.595,25.0,3,46.0
8025.035,28.0,4,39.0
15931.2,32.69770879526977,5,30.0
11123.91,25.0,5,33.0
46894.78,35.0,5,300.0
1619.8,32.0,3,46.0
12131.9,29.0,5,31.0
4013.2,49.0,3,39.0
18054.466658,24.0,5,43.0
14266.0,26.0,5,39.0
1280.0,54.0,2,46.0
26010.58,47.0,5,32.0
23606.96,28.0,5,30.0
19055.2,26.0,5,403.0
9321.27,27.0,5,44.0
1476.75,47.0,3,39.0
10832.0,35.0,5,31.0
32110.96,48.0,5,49.0
12941.79,31.0,5,39.0
291.85,24.0,2,46.0
13585.5,26.0,5,46.0
3887.345,23.0,3,46.0
10622.95,24.0,5,32.0
23843.4,30.0,5,185.0
26597.6,29.0,5,39.0
10126.8,25.0,5,44.0
35123.9,54.0,5,32.0
9003.815,23.0,5,46.0
12716.2,22.0,5,30.0
12537.6,24.0,5,39.0
9964.58,34.0,5,33.0
4373.5,29.0,4,39.0
11234.87,30.0,5,39.0
2324.73,20.0,3,44.0
19507.4,42.0,5,300.0
10440.2,33.0,5,30.0
17871.35,34.0,5,186.0
1987.21,23.0,3,46.0
1009.325,26.0,2,46.0
1181.645,25.0,2,46.0
14902.24,34.0,5,30.0
49899.8,31.0,5,30.0
10561.19,31.0,5,46.0
1070.505,31.0,2,46.0
8247.585,32.0,4,39.0
1141.4,25.0,2,46.0
28297.29,32.0,5,39.0
8130.4,31.0,4,44.0
8921.1,36.0,4,32.0
11343.21,29.0,5,46.0
21179.7755,34.0,5,49.0
24930.78,30.0,5,44.0
3846.02,28.0,3,44.0
15976.03,33.0,5,30.0
1698.65,33.0,3,185.0
9353.8,31.0,5,49.0
1195.2,31.0,2,46.0
11283.3,23.0,5,44.0
11160.73,28.0,5,46.0
3931.505,23.0,3,46.0
1571.95,28.0,3,33.0
9076.65,52.0,5,403.0
2442.275,41.0,3,46.0
11513.58,35.0,5,185.0
18230.8,29.0,5,403.0
8362.9,23.0,4,44.0
12529.635,63.0,5,39.0
11196.7,30.0,5,42.0
15501.675,54.0,5,39.0
4300.105,19.0,4,46.0
9862.15,30.0,5,44.0
1630.4,28.0,3,46.0
44784.2,32.69770879526977,5,319.0
8074.32,30.0,4,184.0
931.2,25.0,2,30.0
11949.75,33.0,5,44.0
25034.58,23.0,5,32.0
9590.833333,28.0,5,43.0
2660.445,24.0,3,46.0
19882.57,24.0,5,44.0
17797.05,31.0,5,31.0
2304.245,38.0,3,46.0
3181.05,47.0,3,39.0
3469.3,63.0,3,39.0
19308.1,32.0,5,46.0
2078.79,28.0,3,41.0
4118.14,29.0,3,39.0
3877.83,25.0,3,44.0
9893.56,28.0,5,41.0
2587.8,53.0,3,32.0
10216.905,25.0,5,39.0
10762.74,24.0,5,184.0
45066.6,46.0,5,30.0
8626.35,40.0,4,31.0
8311.999998000001,34.0,4,46.0
342.32,47.0,2,44.0
16135.34,34.0,5,30.0
4392.2,38.0,4,39.0
1950.17,24.0,3,46.0
501.875,19.0,2,46.0
1784.82,25.0,3,44.0
3863.4,24.0,3,39.0
15345.99,35.0,5,185.0
6691.97,32.0,4,39.0
15772.62,31.0,5,41.0
16537.72,35.0,5,44.0
10694.92,32.0,5,30.0
23649.445,25.0,5,39.0
1170.31,29.0,2,185.0
8539.1,34.0,4,135.0
16668.8,41.0,5,39.0
18740.666672,32.0,5,43.0
14358.45,27.0,5,44.0
11228.14,27.0,5,30.0
20152.1,24.0,5,39.0
37157.35,29.0,5,32.0
4267.23,20.0,4,44.0
1072.15,26.0,2,44.0
1529.99,31.0,3,44.0
11429.1,28.0,5,30.0
9374.0,30.0,5,44.0
14924.63,32.0,5,39.0
22083.45,27.0,5,41.0
9033.015,28.0,5,46.0
12194.21,39.0,5,39.0
8739.33,23.0,4,39.0
13952.74,32.0,5,39.0
49025.85,30.0,5,30.0
32980.62,34.0,5,39.0
2293.11,25.0,3,135.0
15183.885,40.0,5,46.0
12916.1,31.0,5,41.0
3749.07,23.0,3,39.0
32167.74,34.0,5,32.0
7010.37,41.0,4,185.0
15129.95,45.0,5,33.0
19277.76,21.0,5,44.0
3869.855,22.0,3,46.0
15964.63,29.0,5,32.0
18325.87,24.0,5,33.0
13851.65,24.0,5,33.0
1402.28,27.0,2,186.0
6248.36,22.0,4,44.0
3033.71,67.0,3,39.0
11252.86,35.0,5,44.0
10996.84,35.0,5,39.0
262393.11,32.0,5,186.0
31668.34,27.0,5,41.0
10796.1,30.0,5,30.0
2646.005,24.0,3,46.0
4865.63,31.0,4,44.0
516.445,25.0,2,46.0
13490.385,34.0,5,46.0
8253.98,25.0,4,39.0
11836.28,28.0,5,46.0
8052.95,31.0,4,41.0
17127.98,41.0,5,46.0
8088.6,32.0,4,31.0
4106.99999,31.0,3,43.0
12485.42,35.0,5,49.0
13454.43,23.0,5,44.0
11246.16,26.0,5,135.0
8606.98,27.0,4,42.0
9662.03,23.0,5,46.0
9966.88,29.0,5,135.0
2202.94,31.0,3,44.0
7523.9,40.0,4,30.0
16480.2,47.0,5,30.0
10818.84,21.0,5,44.0
10303.98,28.0,5,33.0
16380.44,35.0,5,41.0
12362.98,35.0,5,33.0
11540.6,31.0,5,30.0
11724.68,35.0,5,185.0
23649.28,31.0,5,41.0
26214.84,27.0,5,403.0
11484.96,26.0,5,39.0
950.01,25.0,2,46.0
0.0,25.0,1,39.0
1522.28,44.0,3,46.0
23555.56,33.0,5,39.0
2848.195,27.0,3,39.0
13150.04,30.0,5,49.0
18584.100003,43.0,5,43.0
15328.7,29.0,5,30.0
23564.0,30.0,5,30.0
2205.88,25.0,3,46.0
17032.365,28.0,5,39.0
9487.6,34.0,5,30.0
9594.84,32.0,5,46.0
12718.04,25.0,5,44.0
21588.75,34.0,5,403.0
9771.77,25.0,5,46.0
1669.255,28.0,3,46.0
11431.485,42.0,5,39.0
13021.1,33.0,5,32.0
11554.81,31.0,5,39.0
13612.465,24.0,5,39.0
12958.44,28.0,5,46.0
10499.97,35.0,5,46.0
1291.2,34.0,2,46.0
8641.425,28.0,4,39.0
9857.2,31.0,5,30.0
3481.845,28.0,3,46.0
866.3,29.0,2,39.0
24655.6,34.0,5,49.0
0.0,37.0,1,41.0
4914.6,26.0,4,46.0
19255.92,32.0,5,403.0
946.3,29.0,2,32.0
11539.8,33.0,5,30.0
14271.56,25.0,5,39.0
12921.73,32.0,5,44.0
8417.223327,27.0,4,43.0
24610.5,32.0,5,403.0
12767.6,28.0,5,39.0
8374.25,28.0,4,49.0
9730.32,35.0,5,39.0
7085.21,26.0,4,46.0
2075.33,33.0,3,46.0
14502.04,29.0,5,44.0
1230.2,27.0,2,44.0
11014.61,30.0,5,44.0
11284.08,35.0,5,185.0
13528.585,29.0,5,46.0
15672.35,24.0,5,32.0
1326.0,25.0,2,39.0
3410.02,26.0,3,44.0
2672.275,24.0,3,46.0
15937.13,26.0,5,42.0
16592.8,32.0,5,30.0
33211.88,43.0,5,49.0
14261.85,34.0,5,48.0
2554.46,27.0,3,30.0
5414.985,32.0,4,46.0
15892.24,32.0,5,46.0
12629.36,34.0,5,44.0
8333.65,24.0,4,44.0
7935.0,32.0,4,39.0
17464.1,35.0,5,32.0
10139.0,35.0,5,32.0
2122.6,27.0,3,30.0
8459.6,30.0,4,39.0
12277.2,24.0,5,44.0
12557.78,26.0,5,39.0
10988.095,52.0,5,39.0
12427.03,31.0,5,46.0
9189.45,26.0,5,185.0
5835.16,23.0,4,44.0
10651.47,42.0,5,186.0
6005.93,76.0,4,185.0
746.2,27.0,2,46.0
798.8,60.0,2,39.0
4411.51,27.0,4,46.0
16998.81,31.0,5,44.0
15967.8,35.0,5,30.0
999.1345,27.0,2,49.0
13423.2895,27.0,5,49.0
13906.44,35.0,5,44.0
15973.83,33.0,5,33.0
9445.3,19.0,5,403.0
6494.55,23.0,4,44.0
1092.37,29.0,2,44.0
2419.345,32.0,3,46.0
933.575,25.0,2,41.0
17791.1,31.0,5,32.0
16224.0,44.0,5,46.0
15672.085,23.0,5,46.0
285.2,20.0,2,44.0
15448.44,22.0,5,44.0
4507.47,26.0,4,44.0
19589.6,27.0,5,403.0
8558.0,27.0,4,44.0
1600.0,39.0,3,46.0
11028.72,23.0,5,135.0
4968.715,29.0,4,46.0
19463.29,32.0,5,39.0
22364.3,29.0,5,403.0
15457.3,32.0,5,185.0
8449.4,26.0,4,32.0
5965.6,30.0,4,30.0
11292.055,23.0,5,44.0
15560.85,33.0,5,31.0
10328.14,24.0,5,184.0
2799.733341,24.0,3,43.0
2680.075,34.0,3,46.0
16955.6885,28.0,5,49.0
5294.04,32.69770879526977,4,49.0
14766.3,38.0,5,31.0
17755.433334,27.0,5,43.0
13083.4,32.0,5,48.0
11694.745,31.0,5,39.0
19061.893175,29.0,5,39.0
15209.66,31.0,5,32.0
7573.815,34.0,4,39.0
22540.545,20.0,5,39.0
9513.32,27.0,5,44.0
1710.295,20.0,3,46.0
2963.2,28.0,3,32.0
21795.52,32.0,5,46.0
18672.27,35.0,5,39.0
701.88,34.0,2,39.0
18790.64,28.0,5,49.0
17650.8,31.0,5,30.0
15458.65,30.0,5,31.0
17520.93,30.0,5,46.0
19917.95,25.0,5,300.0
25554.85,49.0,5,31.0
13641.295,61.0,5,39.0
443.14,21.0,2,186.0
8124.48,34.0,4,186.0
22119.05,35.0,5,32.0
1198.24,25.0,2,44.0
3386.27,25.0,3,46.0
11334.82,29.0,5,33.0
2582.89,29.0,3,41.0
21343.0,26.0,5,49.0
4313.6,37.0,4,39.0
1017.015,26.0,2,39.0
11082.63,33.0,5,41.0
508.9,24.0,2,46.0
1180.4,27.0,2,46.0
1554.68,34.0,3,39.0
1680.81,32.0,3,44.0
1685.0,28.0,3,44.0
16701.46,21.0,5,41.0
9699.733334,32.0,5,43.0
17404.45,30.0,5,42.0
35735.05,41.0,5,32.0
1905.95,27.0,3,44.0
2201.69,29.0,3,44.0
1245.36,25.0,2,49.0
20650.87,27.0,5,39.0
8180.0995,32.0,4,186.0
23026.35,33.0,5,44.0
6140.03,31.0,4,44.0
20077.1985,30.0,5,49.0
12980.23,32.0,5,39.0
11961.2,33.0,5,30.0
10807.65,34.0,5,32.0
8664.47,29.0,4,44.0
200.0,28.0,1,46.0
19215.43,27.0,5,30.0
27845.75,25.0,5,403.0
13541.1,33.0,5,39.0
18559.15,29.0,5,39.0
13054.51,33.0,5,41.0
12131.65,35.0,5,32.0
11549.385,25.0,5,39.0
34399.3,26.0,5,30.0
4319.975,26.0,4,39.0
1336.4,28.0,2,46.0
5802.16,56.0,4,135.0
15327.97,27.0,5,44.0
9178.31,31.0,5,44.0
3738.695,21.0,3,46.0
12967.84,23.0,5,39.0
17440.66,32.0,5,44.0
9633.085,18.0,5,39.0
26132.65,33.0,5,31.0
11075.135,23.0,5,44.0
20122.6,19.0,5,30.0
14911.39,29.0,5,44.0
17634.5,26.0,5,39.0
12782.49,24.0,5,44.0
3748.91,22.0,3,46.0
5344.15,23.0,4,32.0
10056.99,34.0,5,39.0
9750.05,31.0,5,32.0
19991.56,33.0,5,41.0
